{
  "config": {
    "n_samples": 1500,
    "n_noise_dims": 7,
    "noise_std": 0.6,
    "seed": 42
  },
  "pca_explained_variance_ratio": [
    0.38286291759059865,
    0.3195908411347953,
    0.27829082008271916,
    0.0030559436741916667,
    0.0029163822762653187,
    0.002832113892472169,
    0.00276669441358086,
    0.0026807389685752294,
    0.0025514040397957628,
    0.0024521439270059
  ],
  "trustworthiness_at_k10": {
    "PCA": 0.970591624564949,
    "tSNE_perp_5": 0.997875872908948,
    "tSNE_perp_30": 0.9989393510721905,
    "tSNE_perp_80": 0.9989477938699899
  }
}